#HEADER,,,,,
200,,,,,
Version,2.0.11,1.04,,,
Filename,S01-239.TXT,,,,
MethodName,Ar40-36 H3-L1-L5 2s Integ 200cycles total 400s.NGXAM,,,,
MethodPath,C:\IsoLinx\Projects\400s.Pro\Methods,,,,
FolderPath,C:\IsoLinx\Projects\400s.Pro\Analysis\@Default\S01.RAW,,,,
Corrected,RAW,,,,
BChannels,Yes,,,,
TimeZero, 29 December 2023 15:41:15,,,,

#COLLECTORS,,,,,
Name,Type,Resistor,Gain,Efficiency,DT
L5,F,1.00E+11,1.0024421,1,0
L4,EM,1.00E+11,1,1,0
L3,F,1.00E+11,0.9972084,1,0
L2,EM,1.00E+11,1,1,0,,,,,,,,,,,,,,,,,,
L1,F,1.00E+11,1.0010384,1,0,,,,,,,,,,,,,,,,,,
Ax,EM,1.00E+11,1,1,0,,,,,,,,,,,,,,,,,,
H1,F,1.00E+11,1,1,0,,,,,,,,,,,,,,,,,,
H2,F,1.00E+11,1.0036106,1,0,,,,,,,,,,,,,,,,,,
H3,F,1.00E+11,0.994901,1,0,,,,,,,,,,,,,,,,,,
H4,F,1.00E+11,1.0056363,1,0,,,,,,,,,,,,,,,,,,

#BASELINES,,,,,,,,,,,,,,,,,,,,,,,
ID,Block,Cycle,Integ,PeakID,AxMass,Time,L5,L4,L3,L2,L1,Ax,H1,H2,H3,H4,L5.B,L3.B,L1.B,H1.B,H2.B,H3.B,H4.B

#ONPEAK,,,,,,,,,,,,,,,,,,,,,,,
ID,Block,Cycle,Integ,PeakID,AxMass,Time,L5,L4,L3,L2,L1,Ax,H1,H2,H3,H4,L5.B,L3.B,L1.B,H1.B,H2.B,H3.B,H4.B
OP1,1,1,1, Ar40,38.55,2.3495224,1.81E-02,0.00E+00,-3.30E-06,5.00E-01,3.51E-03,5.00E-01,-1.96E-06,4.08E-06,5.54E+00,2.51E-05,1.81E-02,-3.30E-06,3.51E-03,-1.96E-06,4.08E-06,5.54E+00,2.51E-05
OP1,1,2,1, Ar40,38.55,4.3599989,1.81E-02,0.00E+00,-4.15E-07,0.00E+00,3.50E-03,0.00E+00,-6.54E-06,-2.58E-06,5.54E+00,2.67E-05,1.81E-02,-4.15E-07,3.50E-03,-6.54E-06,-2.58E-06,5.54E+00,2.67E-05
OP1,1,3,1, Ar40,38.55,6.3699989,1.81E-02,0.00E+00,-5.01E-06,0.00E+00,3.48E-03,5.00E-01,3.90E-06,6.67E-06,5.53E+00,3.30E-05,1.81E-02,-5.01E-06,3.48E-03,3.90E-06,6.67E-06,5.53E+00,3.30E-05
OP1,1,4,1, Ar40,38.55,8.3809696,1.81E-02,0.00E+00,1.92E-06,0.00E+00,3.48E-03,0.00E+00,-1.88E-06,7.29E-06,5.52E+00,2.57E-05,1.81E-02,1.92E-06,3.48E-03,-1.88E-06,7.29E-06,5.52E+00,2.57E-05
OP1,1,5,1, Ar40,38.55,10.3915148,1.80E-02,0.00E+00,2.83E-06,0.00E+00,3.49E-03,5.00E-01,2.77E-06,-1.72E-06,5.52E+00,2.83E-05,1.80E-02,2.83E-06,3.49E-03,2.77E-06,-1.72E-06,5.52E+00,2.83E-05
OP1,1,6,1, Ar40,38.55,12.402208,1.80E-02,0.00E+00,-2.39E-06,0.00E+00,3.46E-03,5.00E-01,1.10E-06,5.53E-06,5.51E+00,2.47E-05,1.80E-02,-2.39E-06,3.46E-03,1.10E-06,5.53E-06,5.51E+00,2.47E-05
OP1,1,7,1, Ar40,38.55,14.4133112,1.80E-02,0.00E+00,3.64E-06,0.00E+00,3.47E-03,0.00E+00,-3.02E-06,-2.79E-06,5.51E+00,3.11E-05,1.80E-02,3.64E-06,3.47E-03,-3.02E-06,-2.79E-06,5.51E+00,3.11E-05
OP1,1,8,1, Ar40,38.55,16.4233112,1.80E-02,0.00E+00,-2.98E-06,0.00E+00,3.47E-03,0.00E+00,-9.26E-06,1.60E-06,5.50E+00,2.41E-05,1.80E-02,-2.98E-06,3.47E-03,-9.26E-06,1.60E-06,5.50E+00,2.41E-05
OP1,1,9,1, Ar40,38.55,18.4340428,1.79E-02,0.00E+00,1.22E-05,0.00E+00,3.47E-03,0.00E+00,-9.68E-06,1.92E-06,5.49E+00,2.80E-05,1.79E-02,1.22E-05,3.47E-03,-9.68E-06,1.92E-06,5.49E+00,2.80E-05
OP1,1,10,1, Ar40,38.55,20.4452239,1.80E-02,0.00E+00,-1.92E-06,0.00E+00,3.46E-03,0.00E+00,2.90E-06,-1.36E-06,5.49E+00,2.84E-05,1.80E-02,-1.92E-06,3.46E-03,2.90E-06,-1.36E-06,5.49E+00,2.84E-05
OP1,1,11,1, Ar40,38.55,22.4558725,1.79E-02,0.00E+00,-3.57E-06,0.00E+00,3.46E-03,5.00E-01,5.69E-06,-6.32E-06,5.48E+00,2.73E-05,1.79E-02,-3.57E-06,3.46E-03,5.69E-06,-6.32E-06,5.48E+00,2.73E-05
OP1,1,12,1, Ar40,38.55,24.4660165,1.79E-02,0.00E+00,5.91E-08,0.00E+00,3.45E-03,0.00E+00,-3.82E-06,4.50E-06,5.47E+00,2.92E-05,1.79E-02,5.91E-08,3.45E-03,-3.82E-06,4.50E-06,5.47E+00,2.92E-05
OP1,1,13,1, Ar40,38.55,26.4768439,1.79E-02,0.00E+00,4.59E-06,0.00E+00,3.46E-03,0.00E+00,-6.79E-06,2.21E-06,5.47E+00,2.58E-05,1.79E-02,4.59E-06,3.46E-03,-6.79E-06,2.21E-06,5.47E+00,2.58E-05
OP1,1,14,1, Ar40,38.55,28.487485,1.78E-02,0.00E+00,-5.32E-07,0.00E+00,3.44E-03,0.00E+00,2.44E-06,-4.70E-06,5.46E+00,2.34E-05,1.78E-02,-5.32E-07,3.44E-03,2.44E-06,-4.70E-06,5.46E+00,2.34E-05
OP1,1,15,1, Ar40,38.55,30.4984598,1.78E-02,0.00E+00,2.46E-06,0.00E+00,3.46E-03,0.00E+00,-2.76E-06,3.27E-06,5.46E+00,3.01E-05,1.78E-02,2.46E-06,3.46E-03,-2.76E-06,3.27E-06,5.46E+00,3.01E-05
OP1,1,16,1, Ar40,38.55,32.509496,1.78E-02,0.00E+00,-1.53E-06,0.00E+00,3.43E-03,0.00E+00,3.13E-06,-2.87E-06,5.45E+00,2.58E-05,1.78E-02,-1.53E-06,3.43E-03,3.13E-06,-2.87E-06,5.45E+00,2.58E-05
OP1,1,17,1, Ar40,38.55,34.5196074,1.78E-02,0.00E+00,-3.35E-06,0.00E+00,3.43E-03,0.00E+00,-5.67E-06,7.30E-06,5.44E+00,2.28E-05,1.78E-02,-3.35E-06,3.43E-03,-5.67E-06,7.30E-06,5.44E+00,2.28E-05
OP1,1,18,1, Ar40,38.55,36.529939,1.78E-02,0.00E+00,1.80E-06,0.00E+00,3.43E-03,5.00E-01,1.23E-06,2.83E-06,5.44E+00,2.53E-05,1.78E-02,1.80E-06,3.43E-03,1.23E-06,2.83E-06,5.44E+00,2.53E-05
OP1,1,19,1, Ar40,38.55,38.5402862,1.77E-02,0.00E+00,-9.69E-06,0.00E+00,3.42E-03,0.00E+00,-2.68E-06,-7.64E-06,5.43E+00,2.79E-05,1.77E-02,-9.69E-06,3.42E-03,-2.68E-06,-7.64E-06,5.43E+00,2.79E-05
OP1,1,20,1, Ar40,38.55,40.5509351,1.77E-02,0.00E+00,2.91E-06,0.00E+00,3.41E-03,5.00E-01,-2.66E-06,6.74E-07,5.43E+00,2.50E-05,1.77E-02,2.91E-06,3.41E-03,-2.66E-06,6.74E-07,5.43E+00,2.50E-05
OP1,1,21,1, Ar40,38.55,42.5619649,1.77E-02,0.00E+00,-9.12E-07,0.00E+00,3.41E-03,0.00E+00,-1.47E-06,-2.23E-06,5.42E+00,2.79E-05,1.77E-02,-9.12E-07,3.41E-03,-1.47E-06,-2.23E-06,5.42E+00,2.79E-05
OP1,1,22,1, Ar40,38.55,44.5721603,1.77E-02,0.00E+00,-1.69E-06,0.00E+00,3.42E-03,0.00E+00,-1.31E-06,8.24E-06,5.41E+00,2.85E-05,1.77E-02,-1.69E-06,3.42E-03,-1.31E-06,8.24E-06,5.41E+00,2.85E-05
OP1,1,23,1, Ar40,38.55,46.5833147,1.77E-02,0.00E+00,-9.86E-06,0.00E+00,3.41E-03,0.00E+00,5.24E-06,5.65E-06,5.41E+00,2.17E-05,1.77E-02,-9.86E-06,3.41E-03,5.24E-06,5.65E-06,5.41E+00,2.17E-05
OP1,1,24,1, Ar40,38.55,48.5939043,1.76E-02,0.00E+00,1.16E-06,0.00E+00,3.40E-03,0.00E+00,1.89E-06,1.69E-06,5.40E+00,2.86E-05,1.76E-02,1.16E-06,3.40E-03,1.89E-06,1.69E-06,5.40E+00,2.86E-05
OP1,1,25,1, Ar40,38.55,50.6049184,1.76E-02,0.00E+00,-2.15E-06,0.00E+00,3.39E-03,0.00E+00,2.37E-06,2.32E-06,5.40E+00,2.75E-05,1.76E-02,-2.15E-06,3.39E-03,2.37E-06,2.32E-06,5.40E+00,2.75E-05
OP1,1,26,1, Ar40,38.55,52.6151959,1.76E-02,0.00E+00,2.50E-06,5.00E-01,3.40E-03,0.00E+00,-7.87E-06,-1.29E-06,5.39E+00,2.65E-05,1.76E-02,2.50E-06,3.40E-03,-7.87E-06,-1.29E-06,5.39E+00,2.65E-05
OP1,1,27,1, Ar40,38.55,54.6261857,1.76E-02,0.00E+00,-3.75E-06,5.00E-01,3.39E-03,5.00E-01,-4.95E-06,4.04E-07,5.38E+00,2.18E-05,1.76E-02,-3.75E-06,3.39E-03,-4.95E-06,4.04E-07,5.38E+00,2.18E-05
OP1,1,28,1, Ar40,38.55,56.6363961,1.75E-02,0.00E+00,-4.21E-06,0.00E+00,3.39E-03,0.00E+00,-6.03E-06,6.25E-06,5.38E+00,2.42E-05,1.75E-02,-4.21E-06,3.39E-03,-6.03E-06,6.25E-06,5.38E+00,2.42E-05
OP1,1,29,1, Ar40,38.55,58.6488611,1.75E-02,0.00E+00,-1.10E-05,0.00E+00,3.38E-03,0.00E+00,-5.31E-06,-4.12E-06,5.37E+00,2.68E-05,1.75E-02,-1.10E-05,3.38E-03,-5.31E-06,-4.12E-06,5.37E+00,2.68E-05
OP1,1,30,1, Ar40,38.55,60.6593959,1.75E-02,0.00E+00,5.35E-06,0.00E+00,3.37E-03,0.00E+00,-5.62E-06,3.49E-06,5.37E+00,2.63E-05,1.75E-02,5.35E-06,3.37E-03,-5.62E-06,3.49E-06,5.37E+00,2.63E-05
OP1,1,31,1, Ar40,38.55,62.6701684,1.75E-02,0.00E+00,3.64E-06,0.00E+00,3.37E-03,0.00E+00,-3.58E-06,3.56E-06,5.36E+00,2.40E-05,1.75E-02,3.64E-06,3.37E-03,-3.58E-06,3.56E-06,5.36E+00,2.40E-05
OP1,1,32,1, Ar40,38.55,64.6801684,1.75E-02,0.00E+00,2.53E-06,0.00E+00,3.37E-03,0.00E+00,4.93E-07,4.51E-06,5.36E+00,2.86E-05,1.75E-02,2.53E-06,3.37E-03,4.93E-07,4.51E-06,5.36E+00,2.86E-05
OP1,1,33,1, Ar40,38.55,66.690401,1.74E-02,0.00E+00,-5.28E-06,0.00E+00,3.36E-03,1.00E+00,-2.52E-06,9.66E-06,5.35E+00,1.65E-05,1.74E-02,-5.28E-06,3.36E-03,-2.52E-06,9.66E-06,5.35E+00,1.65E-05
OP1,1,34,1, Ar40,38.55,68.7013741,1.74E-02,0.00E+00,-3.92E-07,0.00E+00,3.37E-03,5.00E-01,-3.42E-06,1.96E-06,5.34E+00,2.83E-05,1.74E-02,-3.92E-07,3.37E-03,-3.42E-06,1.96E-06,5.34E+00,2.83E-05
OP1,1,35,1, Ar40,38.55,70.7119171,1.74E-02,0.00E+00,3.46E-06,0.00E+00,3.36E-03,0.00E+00,-4.60E-06,2.23E-06,5.34E+00,2.65E-05,1.74E-02,3.46E-06,3.36E-03,-4.60E-06,2.23E-06,5.34E+00,2.65E-05
OP1,1,36,1, Ar40,38.55,72.7220009,1.74E-02,0.00E+00,-6.83E-06,0.00E+00,3.37E-03,0.00E+00,1.30E-06,2.73E-06,5.33E+00,1.55E-05,1.74E-02,-6.83E-06,3.37E-03,1.30E-06,2.73E-06,5.33E+00,1.55E-05
OP1,1,37,1, Ar40,38.55,74.7330431,1.74E-02,0.00E+00,-4.77E-07,0.00E+00,3.36E-03,0.00E+00,-3.51E-06,1.37E-06,5.33E+00,2.56E-05,1.74E-02,-4.77E-07,3.36E-03,-3.51E-06,1.37E-06,5.33E+00,2.56E-05
OP1,1,38,1, Ar40,38.55,76.7439147,1.74E-02,0.00E+00,-1.13E-05,0.00E+00,3.35E-03,0.00E+00,-3.50E-06,5.25E-06,5.32E+00,2.16E-05,1.74E-02,-1.13E-05,3.35E-03,-3.50E-06,5.25E-06,5.32E+00,2.16E-05
OP1,1,39,1, Ar40,38.55,78.7557213,1.73E-02,0.00E+00,3.62E-06,0.00E+00,3.34E-03,0.00E+00,-6.63E-06,6.30E-07,5.32E+00,3.00E-05,1.73E-02,3.62E-06,3.34E-03,-6.63E-06,6.30E-07,5.32E+00,3.00E-05
OP1,1,40,1, Ar40,38.55,80.7658764,1.73E-02,0.00E+00,2.90E-06,0.00E+00,3.33E-03,5.00E-01,1.76E-06,2.77E-06,5.31E+00,2.07E-05,1.73E-02,2.90E-06,3.33E-03,1.76E-06,2.77E-06,5.31E+00,2.07E-05
OP1,1,41,1, Ar40,38.55,82.7768914,1.73E-02,0.00E+00,4.50E-06,0.00E+00,3.34E-03,0.00E+00,-9.63E-06,-6.70E-07,5.30E+00,2.87E-05,1.73E-02,4.50E-06,3.34E-03,-9.63E-06,-6.70E-07,5.30E+00,2.87E-05
OP1,1,42,1, Ar40,38.55,84.7868914,1.73E-02,0.00E+00,-5.86E-07,0.00E+00,3.33E-03,0.00E+00,1.32E-06,-1.99E-08,5.30E+00,2.38E-05,1.73E-02,-5.86E-07,3.33E-03,1.32E-06,-1.99E-08,5.30E+00,2.38E-05
OP1,1,43,1, Ar40,38.55,86.7983952,1.72E-02,0.00E+00,7.87E-07,0.00E+00,3.34E-03,0.00E+00,-6.00E-06,9.82E-07,5.29E+00,2.20E-05,1.72E-02,7.87E-07,3.34E-03,-6.00E-06,9.82E-07,5.29E+00,2.20E-05
OP1,1,44,1, Ar40,38.55,88.8099153,1.72E-02,0.00E+00,3.69E-06,0.00E+00,3.33E-03,0.00E+00,-2.99E-06,4.82E-06,5.29E+00,2.94E-05,1.72E-02,3.69E-06,3.33E-03,-2.99E-06,4.82E-06,5.29E+00,2.94E-05
OP1,1,45,1, Ar40,38.55,90.8202788,1.72E-02,0.00E+00,5.14E-06,0.00E+00,3.32E-03,0.00E+00,-5.15E-06,-6.75E-08,5.28E+00,3.05E-05,1.72E-02,5.14E-06,3.32E-03,-5.15E-06,-6.75E-08,5.28E+00,3.05E-05
OP1,1,46,1, Ar40,38.55,92.8310168,1.72E-02,0.00E+00,2.71E-06,0.00E+00,3.34E-03,0.00E+00,5.22E-07,-6.00E-07,5.28E+00,2.59E-05,1.72E-02,2.71E-06,3.34E-03,5.22E-07,-6.00E-07,5.28E+00,2.59E-05
OP1,1,47,1, Ar40,38.55,94.8411739,1.72E-02,0.00E+00,-4.20E-06,0.00E+00,3.31E-03,0.00E+00,2.82E-07,-1.09E-06,5.27E+00,1.95E-05,1.72E-02,-4.20E-06,3.31E-03,2.82E-07,-1.09E-06,5.27E+00,1.95E-05
OP1,1,48,1, Ar40,38.55,96.8521293,1.71E-02,0.00E+00,1.96E-06,0.00E+00,3.30E-03,0.00E+00,-8.39E-06,-4.95E-06,5.26E+00,2.10E-05,1.71E-02,1.96E-06,3.30E-03,-8.39E-06,-4.95E-06,5.26E+00,2.10E-05
OP1,1,49,1, Ar40,38.55,98.8622624,1.71E-02,0.00E+00,-6.91E-07,0.00E+00,3.32E-03,5.00E-01,2.50E-07,7.87E-06,5.26E+00,2.35E-05,1.71E-02,-6.91E-07,3.32E-03,2.50E-07,7.87E-06,5.26E+00,2.35E-05
OP1,1,50,1, Ar40,38.55,100.8730456,1.71E-02,0.00E+00,-4.77E-07,0.00E+00,3.30E-03,0.00E+00,-8.84E-07,-2.50E-06,5.25E+00,2.33E-05,1.71E-02,-4.77E-07,3.30E-03,-8.84E-07,-2.50E-06,5.25E+00,2.33E-05
OP1,1,51,1, Ar40,38.55,102.8838316,1.71E-02,0.00E+00,-3.63E-06,0.00E+00,3.30E-03,0.00E+00,4.94E-06,1.03E-05,5.25E+00,2.02E-05,1.71E-02,-3.63E-06,3.30E-03,4.94E-06,1.03E-05,5.25E+00,2.02E-05
OP1,1,52,1, Ar40,38.55,104.8946634,1.71E-02,0.00E+00,-5.96E-06,0.00E+00,3.29E-03,0.00E+00,-1.46E-07,1.51E-06,5.24E+00,2.63E-05,1.71E-02,-5.96E-06,3.29E-03,-1.46E-07,1.51E-06,5.24E+00,2.63E-05
OP1,1,53,1, Ar40,38.55,106.9049621,1.70E-02,0.00E+00,6.13E-09,0.00E+00,3.29E-03,0.00E+00,-2.15E-06,2.64E-06,5.24E+00,2.32E-05,1.70E-02,6.13E-09,3.29E-03,-2.15E-06,2.64E-06,5.24E+00,2.32E-05
OP1,1,54,1, Ar40,38.55,108.9158433,1.71E-02,0.00E+00,6.11E-06,0.00E+00,3.29E-03,0.00E+00,-2.34E-06,3.97E-06,5.23E+00,1.93E-05,1.71E-02,6.11E-06,3.29E-03,-2.34E-06,3.97E-06,5.23E+00,1.93E-05
OP1,1,55,1, Ar40,38.55,110.9258898,1.70E-02,0.00E+00,-3.09E-06,0.00E+00,3.28E-03,0.00E+00,-3.69E-06,3.91E-06,5.23E+00,2.43E-05,1.70E-02,-3.09E-06,3.28E-03,-3.69E-06,3.91E-06,5.23E+00,2.43E-05
OP1,1,56,1, Ar40,38.55,112.9369745,1.70E-02,0.00E+00,-1.08E-06,0.00E+00,3.28E-03,0.00E+00,-2.58E-06,2.84E-06,5.22E+00,2.56E-05,1.70E-02,-1.08E-06,3.28E-03,-2.58E-06,2.84E-06,5.22E+00,2.56E-05
OP1,1,57,1, Ar40,38.55,114.9469745,1.70E-02,0.00E+00,5.27E-06,0.00E+00,3.29E-03,5.00E-01,5.86E-06,6.80E-06,5.21E+00,2.61E-05,1.70E-02,5.27E-06,3.29E-03,5.86E-06,6.80E-06,5.21E+00,2.61E-05
OP1,1,58,1, Ar40,38.55,116.9574674,1.70E-02,0.00E+00,-3.72E-06,0.00E+00,3.28E-03,5.00E-01,-4.69E-06,-1.56E-06,5.21E+00,2.66E-05,1.70E-02,-3.72E-06,3.28E-03,-4.69E-06,-1.56E-06,5.21E+00,2.66E-05
OP1,1,59,1, Ar40,38.55,118.9679254,1.69E-02,0.00E+00,-6.69E-07,0.00E+00,3.27E-03,0.00E+00,-6.35E-06,3.41E-06,5.20E+00,2.73E-05,1.69E-02,-6.69E-07,3.27E-03,-6.35E-06,3.41E-06,5.20E+00,2.73E-05
OP1,1,60,1, Ar40,38.55,120.978962,1.69E-02,0.00E+00,1.25E-07,0.00E+00,3.27E-03,0.00E+00,3.26E-06,-1.46E-06,5.20E+00,2.44E-05,1.69E-02,1.25E-07,3.27E-03,3.26E-06,-1.46E-06,5.20E+00,2.44E-05
OP1,1,61,1, Ar40,38.55,122.9895781,1.69E-02,0.00E+00,8.35E-06,0.00E+00,3.27E-03,0.00E+00,-3.04E-06,2.45E-06,5.19E+00,2.19E-05,1.69E-02,8.35E-06,3.27E-03,-3.04E-06,2.45E-06,5.19E+00,2.19E-05
OP1,1,62,1, Ar40,38.55,125.0002375,1.69E-02,0.00E+00,-5.72E-06,0.00E+00,3.26E-03,0.00E+00,4.03E-06,-2.90E-06,5.19E+00,2.23E-05,1.69E-02,-5.72E-06,3.26E-03,4.03E-06,-2.90E-06,5.19E+00,2.23E-05
OP1,1,63,1, Ar40,38.55,127.0102375,1.68E-02,0.00E+00,3.38E-06,0.00E+00,3.24E-03,0.00E+00,-7.65E-06,-6.83E-06,5.18E+00,1.95E-05,1.68E-02,3.38E-06,3.24E-03,-7.65E-06,-6.83E-06,5.18E+00,1.95E-05
OP1,1,64,1, Ar40,38.55,129.0211299,1.69E-02,0.00E+00,3.39E-06,0.00E+00,3.25E-03,0.00E+00,-7.30E-07,1.81E-06,5.18E+00,2.21E-05,1.69E-02,3.39E-06,3.25E-03,-7.30E-07,1.81E-06,5.18E+00,2.21E-05
OP1,1,65,1, Ar40,38.55,131.0311299,1.68E-02,0.00E+00,-8.65E-06,0.00E+00,3.25E-03,0.00E+00,-1.55E-06,-5.58E-07,5.17E+00,2.44E-05,1.68E-02,-8.65E-06,3.25E-03,-1.55E-06,-5.58E-07,5.17E+00,2.44E-05
OP1,1,66,1, Ar40,38.55,133.0424699,1.68E-02,0.00E+00,7.15E-06,0.00E+00,3.25E-03,0.00E+00,-6.57E-06,7.35E-06,5.16E+00,2.66E-05,1.68E-02,7.15E-06,3.25E-03,-6.57E-06,7.35E-06,5.16E+00,2.66E-05
OP1,1,67,1, Ar40,38.55,135.0524699,1.68E-02,0.00E+00,2.14E-07,0.00E+00,3.23E-03,0.00E+00,6.10E-06,2.05E-06,5.16E+00,3.04E-05,1.68E-02,2.14E-07,3.23E-03,6.10E-06,2.05E-06,5.16E+00,3.04E-05
OP1,1,68,1, Ar40,38.55,137.0632962,1.68E-02,0.00E+00,-1.01E-06,0.00E+00,3.24E-03,5.00E-01,-1.28E-06,8.78E-06,5.15E+00,3.14E-05,1.68E-02,-1.01E-06,3.24E-03,-1.28E-06,8.78E-06,5.15E+00,3.14E-05
OP1,1,69,1, Ar40,38.55,139.074785,1.68E-02,0.00E+00,2.08E-06,5.00E-01,3.23E-03,0.00E+00,-1.29E-06,-2.68E-06,5.15E+00,1.76E-05,1.68E-02,2.08E-06,3.23E-03,-1.29E-06,-2.68E-06,5.15E+00,1.76E-05
OP1,1,70,1, Ar40,38.55,141.0848626,1.67E-02,0.00E+00,-1.47E-06,0.00E+00,3.22E-03,0.00E+00,-4.53E-06,3.21E-06,5.14E+00,2.88E-05,1.67E-02,-1.47E-06,3.22E-03,-4.53E-06,3.21E-06,5.14E+00,2.88E-05
OP1,1,71,1, Ar40,38.55,143.0952589,1.67E-02,0.00E+00,-2.06E-06,0.00E+00,3.23E-03,0.00E+00,-1.07E-05,5.39E-06,5.14E+00,2.36E-05,1.67E-02,-2.06E-06,3.23E-03,-1.07E-05,5.39E-06,5.14E+00,2.36E-05
OP1,1,72,1, Ar40,38.55,145.1064766,1.67E-02,0.00E+00,2.44E-06,0.00E+00,3.22E-03,0.00E+00,6.25E-06,4.34E-06,5.13E+00,2.64E-05,1.67E-02,2.44E-06,3.22E-03,6.25E-06,4.34E-06,5.13E+00,2.64E-05
OP1,1,73,1, Ar40,38.55,147.1164766,1.67E-02,0.00E+00,1.47E-06,0.00E+00,3.21E-03,5.00E-01,-2.92E-06,-4.02E-06,5.13E+00,1.50E-05,1.67E-02,1.47E-06,3.21E-03,-2.92E-06,-4.02E-06,5.13E+00,1.50E-05
OP1,1,74,1, Ar40,38.55,149.1274564,1.66E-02,0.00E+00,-1.56E-06,0.00E+00,3.21E-03,0.00E+00,6.35E-06,-5.86E-07,5.12E+00,2.33E-05,1.66E-02,-1.56E-06,3.21E-03,6.35E-06,-5.86E-07,5.12E+00,2.33E-05
OP1,1,75,1, Ar40,38.55,151.1374596,1.66E-02,0.00E+00,-8.60E-06,0.00E+00,3.22E-03,5.00E-01,2.91E-06,-1.01E-06,5.12E+00,2.53E-05,1.66E-02,-8.60E-06,3.22E-03,2.91E-06,-1.01E-06,5.12E+00,2.53E-05
OP1,1,76,1, Ar40,38.55,153.1480449,1.66E-02,0.00E+00,-5.37E-06,0.00E+00,3.20E-03,0.00E+00,2.79E-06,-2.04E-06,5.11E+00,2.65E-05,1.66E-02,-5.37E-06,3.20E-03,2.79E-06,-2.04E-06,5.11E+00,2.65E-05
OP1,1,77,1, Ar40,38.55,155.1588711,1.66E-02,0.00E+00,-1.88E-06,0.00E+00,3.20E-03,0.00E+00,2.69E-06,5.79E-07,5.10E+00,2.88E-05,1.66E-02,-1.88E-06,3.20E-03,2.69E-06,5.79E-07,5.10E+00,2.88E-05
OP1,1,78,1, Ar40,38.55,157.1689416,1.66E-02,0.00E+00,4.73E-06,0.00E+00,3.20E-03,5.00E-01,-1.08E-06,5.03E-06,5.10E+00,2.44E-05,1.66E-02,4.73E-06,3.20E-03,-1.08E-06,5.03E-06,5.10E+00,2.44E-05
OP1,1,79,1, Ar40,38.55,159.1798125,1.66E-02,0.00E+00,7.76E-06,0.00E+00,3.20E-03,5.00E-01,-3.19E-06,8.68E-07,5.09E+00,2.17E-05,1.66E-02,7.76E-06,3.20E-03,-3.19E-06,8.68E-07,5.09E+00,2.17E-05
OP1,1,80,1, Ar40,38.55,161.1909171,1.65E-02,0.00E+00,1.23E-07,0.00E+00,3.18E-03,0.00E+00,-6.19E-06,4.14E-06,5.09E+00,1.49E-05,1.65E-02,1.23E-07,3.18E-03,-6.19E-06,4.14E-06,5.09E+00,1.49E-05
OP1,1,81,1, Ar40,38.55,163.2009241,1.65E-02,0.00E+00,-5.74E-06,0.00E+00,3.19E-03,0.00E+00,-7.75E-06,-2.32E-06,5.08E+00,2.63E-05,1.65E-02,-5.74E-06,3.19E-03,-7.75E-06,-2.32E-06,5.08E+00,2.63E-05
OP1,1,82,1, Ar40,38.55,165.2119906,1.65E-02,0.00E+00,9.72E-06,0.00E+00,3.20E-03,0.00E+00,-2.47E-06,-2.94E-07,5.08E+00,2.15E-05,1.65E-02,9.72E-06,3.20E-03,-2.47E-06,-2.94E-07,5.08E+00,2.15E-05
OP1,1,83,1, Ar40,38.55,167.2228785,1.65E-02,0.00E+00,1.52E-06,0.00E+00,3.18E-03,0.00E+00,-3.57E-06,1.08E-06,5.07E+00,1.96E-05,1.65E-02,1.52E-06,3.18E-03,-3.57E-06,1.08E-06,5.07E+00,1.96E-05
OP1,1,84,1, Ar40,38.55,169.2334974,1.65E-02,0.00E+00,-5.43E-06,0.00E+00,3.17E-03,0.00E+00,-6.15E-06,1.55E-07,5.07E+00,2.35E-05,1.65E-02,-5.43E-06,3.17E-03,-6.15E-06,1.55E-07,5.07E+00,2.35E-05
OP1,1,85,1, Ar40,38.55,171.2458186,1.64E-02,0.00E+00,4.26E-06,0.00E+00,3.17E-03,0.00E+00,3.84E-06,1.13E-05,5.06E+00,2.41E-05,1.64E-02,4.26E-06,3.17E-03,3.84E-06,1.13E-05,5.06E+00,2.41E-05
OP1,1,86,1, Ar40,38.55,173.2578814,1.64E-02,0.00E+00,-2.56E-06,5.00E-01,3.17E-03,0.00E+00,-5.12E-06,-3.61E-06,5.06E+00,2.46E-05,1.64E-02,-2.56E-06,3.17E-03,-5.12E-06,-3.61E-06,5.06E+00,2.46E-05
OP1,1,87,1, Ar40,38.55,175.2698168,1.64E-02,0.00E+00,-2.26E-06,0.00E+00,3.16E-03,0.00E+00,4.74E-07,2.64E-07,5.05E+00,2.18E-05,1.64E-02,-2.26E-06,3.16E-03,4.74E-07,2.64E-07,5.05E+00,2.18E-05
OP1,1,88,1, Ar40,38.55,177.2798168,1.64E-02,0.00E+00,2.03E-06,0.00E+00,3.17E-03,0.00E+00,-5.51E-06,-5.75E-06,5.05E+00,2.54E-05,1.64E-02,2.03E-06,3.17E-03,-5.51E-06,-5.75E-06,5.05E+00,2.54E-05
OP1,1,89,1, Ar40,38.55,179.2903587,1.64E-02,0.00E+00,7.95E-07,0.00E+00,3.17E-03,0.00E+00,-7.14E-07,4.79E-06,5.04E+00,2.30E-05,1.64E-02,7.95E-07,3.17E-03,-7.14E-07,4.79E-06,5.04E+00,2.30E-05
OP1,1,90,1, Ar40,38.55,181.3014901,1.64E-02,0.00E+00,-3.50E-06,0.00E+00,3.15E-03,0.00E+00,2.01E-07,-3.89E-06,5.04E+00,2.37E-05,1.64E-02,-3.50E-06,3.15E-03,2.01E-07,-3.89E-06,5.04E+00,2.37E-05
OP1,1,91,1, Ar40,38.55,183.3118506,1.64E-02,0.00E+00,-2.18E-06,0.00E+00,3.16E-03,0.00E+00,-1.54E-06,-4.55E-07,5.03E+00,2.35E-05,1.64E-02,-2.18E-06,3.16E-03,-1.54E-06,-4.55E-07,5.03E+00,2.35E-05
OP1,1,92,1, Ar40,38.55,185.3218506,1.63E-02,0.00E+00,-4.12E-07,0.00E+00,3.15E-03,0.00E+00,-3.29E-06,2.34E-07,5.03E+00,1.98E-05,1.63E-02,-4.12E-07,3.15E-03,-3.29E-06,2.34E-07,5.03E+00,1.98E-05
OP1,1,93,1, Ar40,38.55,187.3323757,1.63E-02,0.00E+00,-6.08E-06,0.00E+00,3.15E-03,0.00E+00,-9.71E-06,2.36E-06,5.02E+00,2.26E-05,1.63E-02,-6.08E-06,3.15E-03,-9.71E-06,2.36E-06,5.02E+00,2.26E-05
OP1,1,94,1, Ar40,38.55,189.342786,1.63E-02,0.00E+00,9.84E-08,0.00E+00,3.15E-03,0.00E+00,-1.22E-06,5.41E-06,5.01E+00,2.62E-05,1.63E-02,9.84E-08,3.15E-03,-1.22E-06,5.41E-06,5.01E+00,2.62E-05
OP1,1,95,1, Ar40,38.55,191.354005,1.62E-02,0.00E+00,3.12E-06,0.00E+00,3.15E-03,0.00E+00,-3.23E-06,-1.63E-06,5.01E+00,2.93E-05,1.62E-02,3.12E-06,3.15E-03,-3.23E-06,-1.63E-06,5.01E+00,2.93E-05
OP1,1,96,1, Ar40,38.55,193.3643989,1.62E-02,0.00E+00,1.10E-06,0.00E+00,3.14E-03,0.00E+00,-2.78E-06,-5.17E-06,5.00E+00,2.44E-05,1.62E-02,1.10E-06,3.14E-03,-2.78E-06,-5.17E-06,5.00E+00,2.44E-05
OP1,1,97,1, Ar40,38.55,195.3748751,1.62E-02,0.00E+00,3.31E-06,0.00E+00,3.12E-03,0.00E+00,-6.84E-06,1.90E-06,5.00E+00,2.43E-05,1.62E-02,3.31E-06,3.12E-03,-6.84E-06,1.90E-06,5.00E+00,2.43E-05
OP1,1,98,1, Ar40,38.55,197.3857314,1.62E-02,0.00E+00,-5.78E-06,0.00E+00,3.13E-03,0.00E+00,5.68E-08,5.56E-07,4.99E+00,2.29E-05,1.62E-02,-5.78E-06,3.13E-03,5.68E-08,5.56E-07,4.99E+00,2.29E-05
OP1,1,99,1, Ar40,38.55,199.3958977,1.62E-02,0.00E+00,7.41E-06,0.00E+00,3.12E-03,0.00E+00,3.40E-07,3.74E-06,4.99E+00,2.43E-05,1.62E-02,7.41E-06,3.12E-03,3.40E-07,3.74E-06,4.99E+00,2.43E-05
OP1,1,100,1, Ar40,38.55,201.4068499,1.62E-02,0.00E+00,-1.44E-07,0.00E+00,3.12E-03,5.00E-01,-7.09E-07,-2.20E-06,4.98E+00,1.44E-05,1.62E-02,-1.44E-07,3.12E-03,-7.09E-07,-2.20E-06,4.98E+00,1.44E-05
OP1,1,101,1, Ar40,38.55,203.4181802,1.62E-02,0.00E+00,7.54E-06,0.00E+00,3.11E-03,0.00E+00,-3.61E-06,8.54E-06,4.98E+00,2.69E-05,1.62E-02,7.54E-06,3.11E-03,-3.61E-06,8.54E-06,4.98E+00,2.69E-05
OP1,1,102,1, Ar40,38.55,205.4282708,1.61E-02,0.00E+00,3.18E-06,0.00E+00,3.12E-03,0.00E+00,-8.28E-06,-2.69E-06,4.97E+00,1.70E-05,1.61E-02,3.18E-06,3.12E-03,-8.28E-06,-2.69E-06,4.97E+00,1.70E-05
OP1,1,103,1, Ar40,38.55,207.4384146,1.61E-02,0.00E+00,-2.49E-06,0.00E+00,3.11E-03,0.00E+00,1.95E-06,8.64E-06,4.97E+00,2.73E-05,1.61E-02,-2.49E-06,3.11E-03,1.95E-06,8.64E-06,4.97E+00,2.73E-05
OP1,1,104,1, Ar40,38.55,209.4493766,1.61E-02,0.00E+00,-2.29E-06,0.00E+00,3.11E-03,0.00E+00,-4.73E-06,-2.04E-06,4.96E+00,2.68E-05,1.61E-02,-2.29E-06,3.11E-03,-4.73E-06,-2.04E-06,4.96E+00,2.68E-05
OP1,1,105,1, Ar40,38.55,211.4604167,1.61E-02,0.00E+00,4.67E-06,0.00E+00,3.11E-03,0.00E+00,6.95E-06,2.96E-06,4.96E+00,2.36E-05,1.61E-02,4.67E-06,3.11E-03,6.95E-06,2.96E-06,4.96E+00,2.36E-05
OP1,1,106,1, Ar40,38.55,213.4708699,1.61E-02,0.00E+00,-9.20E-06,0.00E+00,3.09E-03,0.00E+00,-2.57E-06,-4.75E-07,4.95E+00,1.75E-05,1.61E-02,-9.20E-06,3.09E-03,-2.57E-06,-4.75E-07,4.95E+00,1.75E-05
OP1,1,107,1, Ar40,38.55,215.4815229,1.60E-02,0.00E+00,2.52E-06,0.00E+00,3.10E-03,0.00E+00,-4.55E-06,-2.36E-07,4.95E+00,2.97E-05,1.60E-02,2.52E-06,3.10E-03,-4.55E-06,-2.36E-07,4.95E+00,2.97E-05
OP1,1,108,1, Ar40,38.55,217.4915229,1.60E-02,0.00E+00,1.68E-06,0.00E+00,3.10E-03,0.00E+00,-1.21E-06,-3.97E-06,4.94E+00,2.77E-05,1.60E-02,1.68E-06,3.10E-03,-1.21E-06,-3.97E-06,4.94E+00,2.77E-05
OP1,1,109,1, Ar40,38.55,219.5018316,1.60E-02,0.00E+00,-2.68E-06,0.00E+00,3.08E-03,5.00E-01,-2.09E-06,7.38E-07,4.94E+00,1.89E-05,1.60E-02,-2.68E-06,3.08E-03,-2.09E-06,7.38E-07,4.94E+00,1.89E-05
OP1,1,110,1, Ar40,38.55,221.5128832,1.60E-02,0.00E+00,-4.95E-06,0.00E+00,3.10E-03,5.00E-01,-5.02E-06,2.05E-06,4.93E+00,2.69E-05,1.60E-02,-4.95E-06,3.10E-03,-5.02E-06,2.05E-06,4.93E+00,2.69E-05
OP1,1,111,1, Ar40,38.55,223.5232759,1.60E-02,0.00E+00,1.84E-06,0.00E+00,3.09E-03,0.00E+00,-9.81E-06,1.30E-06,4.93E+00,2.21E-05,1.60E-02,1.84E-06,3.09E-03,-9.81E-06,1.30E-06,4.93E+00,2.21E-05
OP1,1,112,1, Ar40,38.55,225.5337131,1.59E-02,0.00E+00,-1.90E-07,5.00E-01,3.07E-03,0.00E+00,-9.27E-07,3.89E-06,4.92E+00,2.01E-05,1.59E-02,-1.90E-07,3.07E-03,-9.27E-07,3.89E-06,4.92E+00,2.01E-05
OP1,1,113,1, Ar40,38.55,227.5448444,1.60E-02,0.00E+00,3.43E-06,5.00E-01,3.07E-03,0.00E+00,6.02E-06,-3.13E-06,4.92E+00,2.25E-05,1.60E-02,3.43E-06,3.07E-03,6.02E-06,-3.13E-06,4.92E+00,2.25E-05
OP1,1,114,1, Ar40,38.55,229.5560585,1.59E-02,0.00E+00,-2.36E-07,0.00E+00,3.07E-03,0.00E+00,-1.41E-06,1.16E-05,4.91E+00,3.02E-05,1.59E-02,-2.36E-07,3.07E-03,-1.41E-06,1.16E-05,4.91E+00,3.02E-05
OP1,1,115,1, Ar40,38.55,231.5660585,1.59E-02,0.00E+00,-3.97E-06,0.00E+00,3.06E-03,0.00E+00,-6.59E-06,-1.66E-07,4.91E+00,1.95E-05,1.59E-02,-3.97E-06,3.06E-03,-6.59E-06,-1.66E-07,4.91E+00,1.95E-05
OP1,1,116,1, Ar40,38.55,233.5768082,1.59E-02,0.00E+00,-5.22E-06,0.00E+00,3.08E-03,0.00E+00,-6.70E-06,6.49E-06,4.90E+00,2.11E-05,1.59E-02,-5.22E-06,3.08E-03,-6.70E-06,6.49E-06,4.90E+00,2.11E-05
OP1,1,117,1, Ar40,38.55,235.5878238,1.59E-02,0.00E+00,-4.36E-06,0.00E+00,3.05E-03,0.00E+00,5.83E-06,1.09E-05,4.90E+00,2.69E-05,1.59E-02,-4.36E-06,3.05E-03,5.83E-06,1.09E-05,4.90E+00,2.69E-05
OP1,1,118,1, Ar40,38.55,237.5978238,1.58E-02,0.00E+00,8.24E-08,0.00E+00,3.05E-03,0.00E+00,-1.72E-06,-3.60E-06,4.89E+00,2.67E-05,1.58E-02,8.24E-08,3.05E-03,-1.72E-06,-3.60E-06,4.89E+00,2.67E-05
OP1,1,119,1, Ar40,38.55,239.6088189,1.58E-02,0.00E+00,-1.46E-06,0.00E+00,3.05E-03,0.00E+00,-9.05E-07,2.55E-06,4.89E+00,2.55E-05,1.58E-02,-1.46E-06,3.05E-03,-9.05E-07,2.55E-06,4.89E+00,2.55E-05
OP1,1,120,1, Ar40,38.55,241.6195462,1.58E-02,0.00E+00,-1.23E-06,0.00E+00,3.04E-03,5.00E-01,-8.48E-07,-1.47E-07,4.88E+00,1.63E-05,1.58E-02,-1.23E-06,3.04E-03,-8.48E-07,-1.47E-07,4.88E+00,1.63E-05
OP1,1,121,1, Ar40,38.55,243.6303312,1.58E-02,0.00E+00,-9.13E-07,0.00E+00,3.06E-03,0.00E+00,1.07E-07,-2.01E-06,4.88E+00,2.57E-05,1.58E-02,-9.13E-07,3.06E-03,1.07E-07,-2.01E-06,4.88E+00,2.57E-05
OP1,1,122,1, Ar40,38.55,245.6403312,1.58E-02,0.00E+00,-3.42E-06,0.00E+00,3.05E-03,0.00E+00,-2.55E-06,1.93E-06,4.87E+00,2.57E-05,1.58E-02,-3.42E-06,3.05E-03,-2.55E-06,1.93E-06,4.87E+00,2.57E-05
OP1,1,123,1, Ar40,38.55,247.6508118,1.58E-02,0.00E+00,4.32E-06,0.00E+00,3.05E-03,5.00E-01,3.72E-07,5.95E-06,4.87E+00,2.02E-05,1.58E-02,4.32E-06,3.05E-03,3.72E-07,5.95E-06,4.87E+00,2.02E-05
OP1,1,124,1, Ar40,38.55,249.661844,1.57E-02,0.00E+00,-6.79E-06,0.00E+00,3.04E-03,0.00E+00,-2.38E-06,-1.27E-05,4.86E+00,2.42E-05,1.57E-02,-6.79E-06,3.04E-03,-2.38E-06,-1.27E-05,4.86E+00,2.42E-05
OP1,1,125,1, Ar40,38.55,251.6727664,1.57E-02,0.00E+00,-2.33E-06,0.00E+00,3.04E-03,0.00E+00,-3.17E-06,5.98E-06,4.86E+00,2.13E-05,1.57E-02,-2.33E-06,3.04E-03,-3.17E-06,5.98E-06,4.86E+00,2.13E-05
OP1,1,126,1, Ar40,38.55,253.6828408,1.57E-02,0.00E+00,-2.82E-06,5.00E-01,3.02E-03,0.00E+00,2.95E-06,2.81E-06,4.85E+00,2.08E-05,1.57E-02,-2.82E-06,3.02E-03,2.95E-06,2.81E-06,4.85E+00,2.08E-05
OP1,1,127,1, Ar40,38.55,255.6940016,1.57E-02,0.00E+00,-1.90E-06,0.00E+00,3.04E-03,0.00E+00,-1.40E-06,-2.63E-06,4.85E+00,2.73E-05,1.57E-02,-1.90E-06,3.04E-03,-1.40E-06,-2.63E-06,4.85E+00,2.73E-05
OP1,1,128,1, Ar40,38.55,257.7042393,1.57E-02,0.00E+00,7.90E-06,0.00E+00,3.02E-03,0.00E+00,-1.01E-06,4.09E-06,4.84E+00,2.46E-05,1.57E-02,7.90E-06,3.02E-03,-1.01E-06,4.09E-06,4.84E+00,2.46E-05
OP1,1,129,1, Ar40,38.55,259.7148072,1.57E-02,0.00E+00,1.13E-06,0.00E+00,3.01E-03,0.00E+00,-9.34E-07,6.99E-06,4.84E+00,2.99E-05,1.57E-02,1.13E-06,3.01E-03,-9.34E-07,6.99E-06,4.84E+00,2.99E-05
OP1,1,130,1, Ar40,38.55,261.7248205,1.56E-02,0.00E+00,5.76E-06,0.00E+00,3.03E-03,0.00E+00,7.04E-06,2.98E-06,4.83E+00,1.98E-05,1.56E-02,5.76E-06,3.03E-03,7.04E-06,2.98E-06,4.83E+00,1.98E-05
OP1,1,131,1, Ar40,38.55,263.7352724,1.56E-02,0.00E+00,-3.93E-06,0.00E+00,3.02E-03,0.00E+00,-1.22E-06,7.22E-06,4.83E+00,2.83E-05,1.56E-02,-3.93E-06,3.02E-03,-1.22E-06,7.22E-06,4.83E+00,2.83E-05
OP1,1,132,1, Ar40,38.55,265.7468123,1.56E-02,0.00E+00,-7.53E-06,5.00E-01,3.01E-03,0.00E+00,4.69E-06,3.66E-06,4.82E+00,2.61E-05,1.56E-02,-7.53E-06,3.01E-03,4.69E-06,3.66E-06,4.82E+00,2.61E-05
OP1,1,133,1, Ar40,38.55,267.7568441,1.56E-02,0.00E+00,-1.40E-06,0.00E+00,3.00E-03,0.00E+00,-5.81E-06,1.57E-06,4.82E+00,1.67E-05,1.56E-02,-1.40E-06,3.00E-03,-5.81E-06,1.57E-06,4.82E+00,1.67E-05
OP1,1,134,1, Ar40,38.55,269.7677923,1.56E-02,0.00E+00,1.32E-06,0.00E+00,3.01E-03,0.00E+00,-4.99E-06,6.61E-06,4.81E+00,2.52E-05,1.56E-02,1.32E-06,3.01E-03,-4.99E-06,6.61E-06,4.81E+00,2.52E-05
OP1,1,135,1, Ar40,38.55,271.7777923,1.56E-02,0.00E+00,5.70E-06,0.00E+00,3.01E-03,5.00E-01,-6.14E-06,-4.49E-07,4.81E+00,1.95E-05,1.56E-02,5.70E-06,3.01E-03,-6.14E-06,-4.49E-07,4.81E+00,1.95E-05
OP1,1,136,1, Ar40,38.55,273.7881227,1.55E-02,0.00E+00,8.62E-06,0.00E+00,3.00E-03,0.00E+00,2.50E-06,1.89E-07,4.80E+00,2.59E-05,1.55E-02,8.62E-06,3.00E-03,2.50E-06,1.89E-07,4.80E+00,2.59E-05
OP1,1,137,1, Ar40,38.55,275.7992621,1.55E-02,0.00E+00,1.20E-06,0.00E+00,3.01E-03,5.00E-01,-7.90E-06,8.86E-07,4.80E+00,1.76E-05,1.55E-02,1.20E-06,3.01E-03,-7.90E-06,8.86E-07,4.80E+00,1.76E-05
OP1,1,138,1, Ar40,38.55,277.8099207,1.55E-02,0.00E+00,-1.01E-05,0.00E+00,2.99E-03,0.00E+00,-4.52E-06,5.86E-06,4.79E+00,2.11E-05,1.55E-02,-1.01E-05,2.99E-03,-4.52E-06,5.86E-06,4.79E+00,2.11E-05
OP1,1,139,1, Ar40,38.55,279.8201261,1.55E-02,0.00E+00,1.02E-05,0.00E+00,2.99E-03,0.00E+00,-2.03E-06,-9.63E-07,4.79E+00,2.39E-05,1.55E-02,1.02E-05,2.99E-03,-2.03E-06,-9.63E-07,4.79E+00,2.39E-05
OP1,1,140,1, Ar40,38.55,281.8302993,1.55E-02,0.00E+00,-8.25E-06,0.00E+00,2.98E-03,0.00E+00,1.98E-06,-4.52E-06,4.78E+00,2.07E-05,1.55E-02,-8.25E-06,2.98E-03,1.98E-06,-4.52E-06,4.78E+00,2.07E-05
OP1,1,141,1, Ar40,38.55,283.840797,1.55E-02,0.00E+00,9.36E-06,1.00E+00,2.98E-03,0.00E+00,-5.42E-06,-9.74E-07,4.78E+00,2.22E-05,1.55E-02,9.36E-06,2.98E-03,-5.42E-06,-9.74E-07,4.78E+00,2.22E-05
OP1,1,142,1, Ar40,38.55,285.852369,1.54E-02,0.00E+00,-1.13E-05,0.00E+00,2.97E-03,0.00E+00,-4.32E-06,4.02E-06,4.77E+00,2.04E-05,1.54E-02,-1.13E-05,2.97E-03,-4.32E-06,4.02E-06,4.77E+00,2.04E-05
OP1,1,143,1, Ar40,38.55,287.8627857,1.54E-02,0.00E+00,-1.83E-06,0.00E+00,2.98E-03,0.00E+00,-1.03E-06,1.51E-06,4.77E+00,2.45E-05,1.54E-02,-1.83E-06,2.98E-03,-1.03E-06,1.51E-06,4.77E+00,2.45E-05
OP1,1,144,1, Ar40,38.55,289.8734268,1.54E-02,0.00E+00,7.21E-06,0.00E+00,2.97E-03,0.00E+00,-5.27E-06,7.82E-07,4.76E+00,2.16E-05,1.54E-02,7.21E-06,2.97E-03,-5.27E-06,7.82E-07,4.76E+00,2.16E-05
OP1,1,145,1, Ar40,38.55,291.8834268,1.54E-02,0.00E+00,-1.17E-06,0.00E+00,2.98E-03,0.00E+00,-2.45E-06,-2.90E-06,4.76E+00,2.15E-05,1.54E-02,-1.17E-06,2.98E-03,-2.45E-06,-2.90E-06,4.76E+00,2.15E-05
OP1,1,146,1, Ar40,38.55,293.8938344,1.54E-02,0.00E+00,-1.88E-06,0.00E+00,2.97E-03,0.00E+00,-4.00E-06,7.04E-06,4.75E+00,2.38E-05,1.54E-02,-1.88E-06,2.97E-03,-4.00E-06,7.04E-06,4.75E+00,2.38E-05
OP1,1,147,1, Ar40,38.55,295.9046876,1.54E-02,0.00E+00,8.54E-06,0.00E+00,2.97E-03,5.00E-01,-1.93E-06,5.74E-06,4.75E+00,1.84E-05,1.54E-02,8.54E-06,2.97E-03,-1.93E-06,5.74E-06,4.75E+00,1.84E-05
OP1,1,148,1, Ar40,38.55,297.9147785,1.53E-02,0.00E+00,2.36E-06,0.00E+00,2.95E-03,0.00E+00,-1.37E-05,9.02E-07,4.74E+00,2.12E-05,1.53E-02,2.36E-06,2.95E-03,-1.37E-05,9.02E-07,4.74E+00,2.12E-05
OP1,1,149,1, Ar40,38.55,299.925828,1.53E-02,0.00E+00,-3.54E-06,0.00E+00,2.95E-03,0.00E+00,-4.51E-06,1.36E-06,4.74E+00,2.07E-05,1.53E-02,-3.54E-06,2.95E-03,-4.51E-06,1.36E-06,4.74E+00,2.07E-05
OP1,1,150,1, Ar40,38.55,301.9363162,1.53E-02,0.00E+00,7.20E-06,0.00E+00,2.95E-03,0.00E+00,-7.33E-07,1.44E-06,4.73E+00,2.41E-05,1.53E-02,7.20E-06,2.95E-03,-7.33E-07,1.44E-06,4.73E+00,2.41E-05
OP1,1,151,1, Ar40,38.55,303.9468109,1.53E-02,0.00E+00,-4.49E-06,0.00E+00,2.95E-03,0.00E+00,-6.76E-06,-5.94E-06,4.73E+00,1.98E-05,1.53E-02,-4.49E-06,2.95E-03,-6.76E-06,-5.94E-06,4.73E+00,1.98E-05
OP1,1,152,1, Ar40,38.55,305.9581034,1.53E-02,0.00E+00,1.05E-06,0.00E+00,2.94E-03,0.00E+00,2.05E-06,1.55E-06,4.72E+00,2.71E-05,1.53E-02,1.05E-06,2.94E-03,2.05E-06,1.55E-06,4.72E+00,2.71E-05
OP1,1,153,1, Ar40,38.55,307.9688869,1.53E-02,0.00E+00,-2.38E-06,5.00E-01,2.95E-03,0.00E+00,1.92E-06,4.19E-06,4.72E+00,2.21E-05,1.53E-02,-2.38E-06,2.95E-03,1.92E-06,4.19E-06,4.72E+00,2.21E-05
OP1,1,154,1, Ar40,38.55,309.9792333,1.52E-02,0.00E+00,3.76E-06,0.00E+00,2.94E-03,0.00E+00,-8.87E-08,2.50E-07,4.71E+00,1.89E-05,1.52E-02,3.76E-06,2.94E-03,-8.87E-08,2.50E-07,4.71E+00,1.89E-05
OP1,1,155,1, Ar40,38.55,311.9898651,1.52E-02,0.00E+00,3.48E-06,0.00E+00,2.95E-03,0.00E+00,6.89E-06,6.88E-07,4.71E+00,2.03E-05,1.52E-02,3.48E-06,2.95E-03,6.89E-06,6.88E-07,4.71E+00,2.03E-05
OP1,1,156,1, Ar40,38.55,314.0005701,1.52E-02,0.00E+00,-7.53E-06,0.00E+00,2.93E-03,0.00E+00,5.37E-06,7.55E-06,4.70E+00,1.36E-05,1.52E-02,-7.53E-06,2.93E-03,5.37E-06,7.55E-06,4.70E+00,1.36E-05
OP1,1,157,1, Ar40,38.55,316.0113704,1.52E-02,0.00E+00,8.41E-06,0.00E+00,2.93E-03,0.00E+00,-6.20E-06,7.57E-09,4.70E+00,2.28E-05,1.52E-02,8.41E-06,2.93E-03,-6.20E-06,7.57E-09,4.70E+00,2.28E-05
OP1,1,158,1, Ar40,38.55,318.0213704,1.51E-02,0.00E+00,-4.57E-06,5.00E-01,2.93E-03,0.00E+00,-7.68E-06,-7.71E-06,4.69E+00,2.09E-05,1.51E-02,-4.57E-06,2.93E-03,-7.68E-06,-7.71E-06,4.69E+00,2.09E-05
OP1,1,159,1, Ar40,38.55,320.0317888,1.51E-02,0.00E+00,1.90E-06,0.00E+00,2.93E-03,0.00E+00,-8.31E-06,2.63E-06,4.69E+00,2.69E-05,1.51E-02,1.90E-06,2.93E-03,-8.31E-06,2.63E-06,4.69E+00,2.69E-05
OP1,1,160,1, Ar40,38.55,322.04279,1.51E-02,0.00E+00,-5.70E-06,0.00E+00,2.92E-03,0.00E+00,-1.18E-05,6.17E-06,4.69E+00,2.34E-05,1.51E-02,-5.70E-06,2.92E-03,-1.18E-05,6.17E-06,4.69E+00,2.34E-05
OP1,1,161,1, Ar40,38.55,324.0528468,1.51E-02,0.00E+00,-3.98E-06,0.00E+00,2.91E-03,0.00E+00,-1.10E-05,-4.65E-06,4.68E+00,2.35E-05,1.51E-02,-3.98E-06,2.91E-03,-1.10E-05,-4.65E-06,4.68E+00,2.35E-05
OP1,1,162,1, Ar40,38.55,326.0637567,1.51E-02,0.00E+00,4.38E-06,0.00E+00,2.91E-03,0.00E+00,2.41E-06,7.25E-06,4.68E+00,2.20E-05,1.51E-02,4.38E-06,2.91E-03,2.41E-06,7.25E-06,4.68E+00,2.20E-05
OP1,1,163,1, Ar40,38.55,328.0742783,1.51E-02,0.00E+00,4.66E-06,0.00E+00,2.92E-03,0.00E+00,-4.39E-06,-5.52E-07,4.67E+00,2.10E-05,1.51E-02,4.66E-06,2.92E-03,-4.39E-06,-5.52E-07,4.67E+00,2.10E-05
OP1,1,164,1, Ar40,38.55,330.084786,1.51E-02,0.00E+00,1.82E-06,0.00E+00,2.90E-03,0.00E+00,-5.11E-06,4.27E-06,4.67E+00,2.26E-05,1.51E-02,1.82E-06,2.90E-03,-5.11E-06,4.27E-06,4.67E+00,2.26E-05
OP1,1,165,1, Ar40,38.55,332.0952741,1.51E-02,0.00E+00,1.38E-06,0.00E+00,2.92E-03,0.00E+00,-2.70E-06,2.36E-06,4.66E+00,2.81E-05,1.51E-02,1.38E-06,2.92E-03,-2.70E-06,2.36E-06,4.66E+00,2.81E-05
OP1,1,166,1, Ar40,38.55,334.1068021,1.50E-02,0.00E+00,1.01E-05,0.00E+00,2.91E-03,0.00E+00,-5.47E-06,4.77E-06,4.66E+00,2.01E-05,1.50E-02,1.01E-05,2.91E-03,-5.47E-06,4.77E-06,4.66E+00,2.01E-05
OP1,1,167,1, Ar40,38.55,336.1168021,1.50E-02,0.00E+00,1.75E-06,0.00E+00,2.89E-03,0.00E+00,-6.29E-06,-3.65E-06,4.65E+00,2.19E-05,1.50E-02,1.75E-06,2.89E-03,-6.29E-06,-3.65E-06,4.65E+00,2.19E-05
OP1,1,168,1, Ar40,38.55,338.1278096,1.50E-02,0.00E+00,-2.43E-06,0.00E+00,2.90E-03,0.00E+00,-2.48E-06,-3.55E-06,4.65E+00,2.25E-05,1.50E-02,-2.43E-06,2.90E-03,-2.48E-06,-3.55E-06,4.65E+00,2.25E-05
OP1,1,169,1, Ar40,38.55,340.1382826,1.50E-02,0.00E+00,-2.80E-06,0.00E+00,2.91E-03,0.00E+00,-1.33E-06,6.56E-06,4.64E+00,2.23E-05,1.50E-02,-2.80E-06,2.91E-03,-1.33E-06,6.56E-06,4.64E+00,2.23E-05
OP1,1,170,1, Ar40,38.55,342.1482826,1.50E-02,0.00E+00,-4.23E-06,0.00E+00,2.89E-03,0.00E+00,-5.88E-06,1.80E-06,4.64E+00,2.25E-05,1.50E-02,-4.23E-06,2.89E-03,-5.88E-06,1.80E-06,4.64E+00,2.25E-05
OP1,1,171,1, Ar40,38.55,344.1588048,1.49E-02,0.00E+00,-9.99E-07,5.00E-01,2.89E-03,0.00E+00,-1.93E-06,3.35E-06,4.63E+00,2.09E-05,1.49E-02,-9.99E-07,2.89E-03,-1.93E-06,3.35E-06,4.63E+00,2.09E-05
OP1,1,172,1, Ar40,38.55,346.1693273,1.49E-02,0.00E+00,9.99E-06,0.00E+00,2.88E-03,0.00E+00,-6.33E-06,-1.59E-06,4.63E+00,2.51E-05,1.49E-02,9.99E-06,2.88E-03,-6.33E-06,-1.59E-06,4.63E+00,2.51E-05
OP1,1,173,1, Ar40,38.55,348.1807074,1.49E-02,0.00E+00,-6.42E-06,0.00E+00,2.88E-03,0.00E+00,5.60E-06,7.77E-06,4.62E+00,2.34E-05,1.49E-02,-6.42E-06,2.88E-03,5.60E-06,7.77E-06,4.62E+00,2.34E-05
OP1,1,174,1, Ar40,38.55,350.1907839,1.49E-02,0.00E+00,1.92E-06,0.00E+00,2.86E-03,5.00E-01,1.10E-06,4.62E-06,4.62E+00,2.02E-05,1.49E-02,1.92E-06,2.86E-03,1.10E-06,4.62E-06,4.62E+00,2.02E-05
OP1,1,175,1, Ar40,38.55,352.2016407,1.49E-02,0.00E+00,-1.93E-06,0.00E+00,2.87E-03,0.00E+00,-6.68E-06,-4.77E-06,4.62E+00,2.36E-05,1.49E-02,-1.93E-06,2.87E-03,-6.68E-06,-4.77E-06,4.62E+00,2.36E-05
OP1,1,176,1, Ar40,38.55,354.2122701,1.49E-02,5.00E-01,-1.72E-06,0.00E+00,2.85E-03,0.00E+00,1.43E-06,-8.24E-06,4.61E+00,1.90E-05,1.49E-02,-1.72E-06,2.85E-03,1.43E-06,-8.24E-06,4.61E+00,1.90E-05
OP1,1,177,1, Ar40,38.55,356.223064,1.49E-02,0.00E+00,4.91E-07,0.00E+00,2.87E-03,0.00E+00,-4.11E-06,5.18E-06,4.61E+00,2.23E-05,1.49E-02,4.91E-07,2.87E-03,-4.11E-06,5.18E-06,4.61E+00,2.23E-05
OP1,1,178,1, Ar40,38.55,358.233064,1.48E-02,0.00E+00,-2.24E-06,0.00E+00,2.88E-03,0.00E+00,-1.02E-06,-3.90E-06,4.60E+00,2.41E-05,1.48E-02,-2.24E-06,2.88E-03,-1.02E-06,-3.90E-06,4.60E+00,2.41E-05
OP1,1,179,1, Ar40,38.55,360.2436738,1.48E-02,0.00E+00,-4.51E-06,0.00E+00,2.85E-03,0.00E+00,7.09E-06,5.31E-06,4.60E+00,2.60E-05,1.48E-02,-4.51E-06,2.85E-03,7.09E-06,5.31E-06,4.60E+00,2.60E-05
OP1,1,180,1, Ar40,38.55,362.2547322,1.48E-02,0.00E+00,1.50E-06,0.00E+00,2.86E-03,0.00E+00,-3.98E-06,1.29E-06,4.59E+00,2.08E-05,1.48E-02,1.50E-06,2.86E-03,-3.98E-06,1.29E-06,4.59E+00,2.08E-05
OP1,1,181,1, Ar40,38.55,364.2655062,1.48E-02,0.00E+00,7.80E-06,0.00E+00,2.85E-03,0.00E+00,-6.11E-07,6.74E-07,4.59E+00,2.12E-05,1.48E-02,7.80E-06,2.85E-03,-6.11E-07,6.74E-07,4.59E+00,2.12E-05
OP1,1,182,1, Ar40,38.55,366.2762359,1.48E-02,0.00E+00,5.41E-06,0.00E+00,2.86E-03,0.00E+00,1.08E-06,8.85E-06,4.58E+00,1.97E-05,1.48E-02,5.41E-06,2.86E-03,1.08E-06,8.85E-06,4.58E+00,1.97E-05
OP1,1,183,1, Ar40,38.55,368.2862771,1.48E-02,0.00E+00,-5.02E-06,0.00E+00,2.84E-03,0.00E+00,4.67E-06,-8.51E-06,4.58E+00,2.28E-05,1.48E-02,-5.02E-06,2.84E-03,4.67E-06,-8.51E-06,4.58E+00,2.28E-05
OP1,1,184,1, Ar40,38.55,370.2967932,1.48E-02,0.00E+00,1.41E-06,0.00E+00,2.84E-03,0.00E+00,7.42E-07,-8.19E-07,4.57E+00,1.75E-05,1.48E-02,1.41E-06,2.84E-03,7.42E-07,-8.19E-07,4.57E+00,1.75E-05
OP1,1,185,1, Ar40,38.55,372.3073706,1.47E-02,0.00E+00,1.05E-06,0.00E+00,2.85E-03,5.00E-01,5.60E-06,1.52E-06,4.57E+00,2.26E-05,1.47E-02,1.05E-06,2.85E-03,5.60E-06,1.52E-06,4.57E+00,2.26E-05
OP1,1,186,1, Ar40,38.55,374.3176284,1.47E-02,0.00E+00,4.96E-06,0.00E+00,2.83E-03,0.00E+00,-1.98E-06,4.03E-06,4.56E+00,1.83E-05,1.47E-02,4.96E-06,2.83E-03,-1.98E-06,4.03E-06,4.56E+00,1.83E-05
OP1,1,187,1, Ar40,38.55,376.3287564,1.47E-02,0.00E+00,5.05E-06,0.00E+00,2.84E-03,0.00E+00,-8.30E-06,5.09E-06,4.56E+00,1.95E-05,1.47E-02,5.05E-06,2.84E-03,-8.30E-06,5.09E-06,4.56E+00,1.95E-05
OP1,1,188,1, Ar40,38.55,378.3397111,1.47E-02,0.00E+00,3.55E-07,0.00E+00,2.83E-03,0.00E+00,-1.81E-07,-5.97E-06,4.56E+00,1.80E-05,1.47E-02,3.55E-07,2.83E-03,-1.81E-07,-5.97E-06,4.56E+00,1.80E-05
OP1,1,189,1, Ar40,38.55,380.3497514,1.46E-02,0.00E+00,2.97E-06,0.00E+00,2.82E-03,5.00E-01,-8.74E-06,-5.88E-06,4.55E+00,2.81E-05,1.46E-02,2.97E-06,2.82E-03,-8.74E-06,-5.88E-06,4.55E+00,2.81E-05
OP1,1,190,1, Ar40,38.55,382.3607629,1.46E-02,0.00E+00,4.36E-06,0.00E+00,2.83E-03,0.00E+00,1.65E-06,-1.95E-06,4.55E+00,1.29E-05,1.46E-02,4.36E-06,2.83E-03,1.65E-06,-1.95E-06,4.55E+00,1.29E-05
OP1,1,191,1, Ar40,38.55,384.3711903,1.46E-02,0.00E+00,-6.94E-06,0.00E+00,2.82E-03,0.00E+00,-9.89E-06,7.54E-06,4.54E+00,1.81E-05,1.46E-02,-6.94E-06,2.82E-03,-9.89E-06,7.54E-06,4.54E+00,1.81E-05
OP1,1,192,1, Ar40,38.55,386.382067,1.46E-02,0.00E+00,-7.56E-06,0.00E+00,2.84E-03,0.00E+00,-2.10E-06,-6.96E-08,4.54E+00,2.19E-05,1.46E-02,-7.56E-06,2.84E-03,-2.10E-06,-6.96E-08,4.54E+00,2.19E-05
OP1,1,193,1, Ar40,38.55,388.3927249,1.46E-02,0.00E+00,2.08E-06,0.00E+00,2.81E-03,0.00E+00,-2.59E-06,4.20E-07,4.53E+00,2.50E-05,1.46E-02,2.08E-06,2.81E-03,-2.59E-06,4.20E-07,4.53E+00,2.50E-05
OP1,1,194,1, Ar40,38.55,390.4031196,1.46E-02,0.00E+00,1.88E-06,0.00E+00,2.81E-03,5.00E-01,-2.11E-06,2.96E-06,4.53E+00,1.95E-05,1.46E-02,1.88E-06,2.81E-03,-2.11E-06,2.96E-06,4.53E+00,1.95E-05
OP1,1,195,1, Ar40,38.55,392.413769,1.46E-02,0.00E+00,3.18E-06,0.00E+00,2.81E-03,1.00E+00,1.74E-06,-3.15E-07,4.52E+00,2.22E-05,1.46E-02,3.18E-06,2.81E-03,1.74E-06,-3.15E-07,4.52E+00,2.22E-05
OP1,1,196,1, Ar40,38.55,394.423769,1.46E-02,0.00E+00,4.82E-07,0.00E+00,2.80E-03,0.00E+00,-1.39E-06,4.72E-06,4.52E+00,1.65E-05,1.46E-02,4.82E-07,2.80E-03,-1.39E-06,4.72E-06,4.52E+00,1.65E-05
OP1,1,197,1, Ar40,38.55,396.433769,1.45E-02,0.00E+00,7.02E-06,0.00E+00,2.80E-03,0.00E+00,-3.34E-06,4.54E-07,4.51E+00,2.28E-05,1.45E-02,7.02E-06,2.80E-03,-3.34E-06,4.54E-07,4.51E+00,2.28E-05
OP1,1,198,1, Ar40,38.55,398.4450091,1.45E-02,0.00E+00,-4.44E-06,0.00E+00,2.80E-03,0.00E+00,-1.01E-06,-7.78E-07,4.51E+00,1.61E-05,1.45E-02,-4.44E-06,2.80E-03,-1.01E-06,-7.78E-07,4.51E+00,1.61E-05
OP1,1,199,1, Ar40,38.55,400.455318,1.45E-02,0.00E+00,-6.01E-08,0.00E+00,2.80E-03,0.00E+00,2.94E-06,-4.30E-06,4.50E+00,1.82E-05,1.45E-02,-6.01E-08,2.80E-03,2.94E-06,-4.30E-06,4.50E+00,1.82E-05
OP1,1,200,1, Ar40,38.55,402.4692678,1.45E-02,0.00E+00,-7.99E-06,0.00E+00,2.80E-03,5.00E-01,-1.18E-06,2.51E-06,4.50E+00,2.03E-05,1.45E-02,-7.99E-06,2.80E-03,-1.18E-06,2.51E-06,4.50E+00,2.03E-05

#END,AnalysisCompleted,,,,,,,,,,,,,,,,,,,,,,
